Model: ,Oscilloscope MSO6104A
Serial Number:,MY44002304
Address: ,USBInstrument1
Date: ,2020-10-22 20:11:45

Sample Number,Time (s),1 (VOLT),4 (VOLT),
1,-0.045,0.114999890327454,0.0250004529953003,
2,-0.04,0.114999890327454,0.0250004529953003,
3,-0.035,0.114999890327454,-0.0374995395541191,
4,-0.03,0.114999890327454,0.0250004529953003,
5,-0.025,0.143749892711639,-0.00624954327940941,
6,-0.02,0.143749892711639,-0.00624954327940941,
7,-0.015,0.114999890327454,0.0250004529953003,
8,-0.01,0.114999890327454,0.0250004529953003,
9,-0.005,0.114999890327454,0.0250004529953003,
10,0,2.01250004768372,1.99375021830201,
11,0.005,2.0412500500679,2.02500021457672,
12,0.01,2.01250004768372,1.99375021830201,
13,0.015,2.01250004768372,1.99375021830201,
14,0.02,1.95500004291534,1.99375021830201,
15,0.025,1.95500004291534,1.9625002220273,
16,0.03,1.98375004529953,1.9625002220273,
17,0.035,2.01250004768372,1.9625002220273,
18,0.04,1.98375004529953,2.02500021457672,
19,0.045,2.01250004768372,1.99375021830201,
20,0.05,1.98375004529953,1.99375021830201,
21,0.055,2.0412500500679,1.99375021830201,
22,0.06,2.01250004768372,2.02500021457672,
23,0.065,2.0412500500679,2.02500021457672,
24,0.07,2.0412500500679,2.02500021457672,
25,0.075,2.01250004768372,2.02500021457672,
26,0.08,2.01250004768372,2.05625021085143,
27,0.085,2.01250004768372,1.99375021830201,
28,0.09,2.01250004768372,2.05625021085143,
29,0.095,2.01250004768372,2.02500021457672,
30,0.1,2.0412500500679,2.05625021085143,
31,0.105,2.07000005245209,2.02500021457672,
32,0.11,2.07000005245209,2.05625021085143,
33,0.115,2.0412500500679,2.02500021457672,
34,0.12,2.01250004768372,2.02500021457672,
35,0.125,2.0412500500679,2.02500021457672,
36,0.13,2.01250004768372,2.02500021457672,
37,0.135,1.98375004529953,1.99375021830201,
38,0.14,2.01250004768372,1.99375021830201,
39,0.145,2.0412500500679,2.02500021457672,
40,0.15,2.01250004768372,2.02500021457672,
41,0.155,1.98375004529953,2.02500021457672,
42,0.16,1.98375004529953,2.02500021457672,
43,0.165,2.01250004768372,1.99375021830201,
44,0.17,2.01250004768372,2.02500021457672,
45,0.175,2.01250004768372,2.02500021457672,
46,0.18,2.01250004768372,1.99375021830201,
47,0.185,2.01250004768372,2.02500021457672,
48,0.19,2.0412500500679,2.02500021457672,
49,0.195,1.98375004529953,2.02500021457672,
50,0.2,1.98375004529953,2.02500021457672,
51,0.205,2.0412500500679,2.02500021457672,
52,0.21,2.01250004768372,2.02500021457672,
53,0.215,1.98375004529953,2.02500021457672,
54,0.22,2.01250004768372,1.99375021830201,
55,0.225,2.01250004768372,1.99375021830201,
56,0.23,1.98375004529953,1.99375021830201,
57,0.235,1.98375004529953,1.99375021830201,
58,0.24,1.98375004529953,1.99375021830201,
59,0.245,1.98375004529953,1.99375021830201,
60,0.25,1.98375004529953,1.99375021830201,
61,0.255,1.98375004529953,1.9625002220273,
62,0.26,2.0412500500679,1.99375021830201,
63,0.265,2.01250004768372,2.02500021457672,
64,0.27,1.98375004529953,2.02500021457672,
65,0.275,2.01250004768372,1.99375021830201,
66,0.28,2.01250004768372,1.99375021830201,
67,0.285,2.01250004768372,2.02500021457672,
68,0.29,1.95500004291534,1.99375021830201,
69,0.295,2.01250004768372,1.99375021830201,
70,0.3,2.01250004768372,1.9625002220273,
71,0.305,2.01250004768372,1.99375021830201,
72,0.31,2.01250004768372,2.02500021457672,
73,0.315,2.01250004768372,2.02500021457672,
74,0.32,2.01250004768372,2.02500021457672,
75,0.325,2.01250004768372,1.99375021830201,
76,0.33,1.98375004529953,2.02500021457672,
77,0.335,2.01250004768372,1.99375021830201,
78,0.34,1.98375004529953,2.02500021457672,
79,0.345,1.98375004529953,1.99375021830201,
80,0.35,2.01250004768372,1.99375021830201,
81,0.355,1.98375004529953,1.99375021830201,
82,0.36,2.01250004768372,2.05625021085143,
83,0.365,1.98375004529953,1.99375021830201,
84,0.37,2.01250004768372,2.02500021457672,
85,0.375,2.01250004768372,1.99375021830201,
86,0.38,2.01250004768372,1.9625002220273,
87,0.385,2.01250004768372,1.99375021830201,
88,0.39,2.01250004768372,1.99375021830201,
89,0.395,2.01250004768372,2.02500021457672,
90,0.4,2.01250004768372,2.02500021457672,
91,0.405,2.01250004768372,2.05625021085143,
92,0.41,1.98375004529953,1.9625002220273,
93,0.415,1.98375004529953,1.99375021830201,
94,0.42,2.01250004768372,1.99375021830201,
95,0.425,1.98375004529953,2.02500021457672,
96,0.43,2.01250004768372,1.9625002220273,
97,0.435,1.95500004291534,1.99375021830201,
98,0.44,1.98375004529953,1.99375021830201,
99,0.445,1.95500004291534,1.99375021830201,
100,0.45,2.01250004768372,1.99375021830201,
101,0.455,1.95500004291534,1.99375021830201,
102,0.46,2.01250004768372,1.99375021830201,
103,0.465,2.01250004768372,2.02500021457672,
104,0.47,2.01250004768372,1.9625002220273,
105,0.475,1.98375004529953,1.99375021830201,
106,0.48,1.98375004529953,1.99375021830201,
107,0.485,2.01250004768372,2.02500021457672,
108,0.49,1.98375004529953,1.99375021830201,
109,0.495,1.98375004529953,1.99375021830201,
110,0.5,1.98375004529953,1.9625002220273,
111,0.505,2.01250004768372,1.99375021830201,
112,0.51,1.98375004529953,1.99375021830201,
113,0.515,1.98375004529953,1.9625002220273,
114,0.52,1.98375004529953,1.99375021830201,
115,0.525,1.98375004529953,1.99375021830201,
116,0.53,2.01250004768372,2.02500021457672,
117,0.535,2.0412500500679,1.99375021830201,
118,0.54,1.95500004291534,1.99375021830201,
119,0.545,1.95500004291534,1.9625002220273,
120,0.55,1.98375004529953,1.99375021830201,
121,0.555,2.01250004768372,1.99375021830201,
122,0.56,1.98375004529953,1.99375021830201,
123,0.565,2.01250004768372,1.99375021830201,
124,0.57,2.01250004768372,1.99375021830201,
125,0.575,2.01250004768372,1.99375021830201,
126,0.58,1.98375004529953,1.99375021830201,
127,0.585,2.01250004768372,1.99375021830201,
128,0.59,1.98375004529953,1.99375021830201,
129,0.595,1.98375004529953,1.99375021830201,
130,0.6,1.98375004529953,2.02500021457672,
131,0.605,1.98375004529953,2.02500021457672,
132,0.61,1.98375004529953,1.9625002220273,
133,0.615,1.98375004529953,1.9625002220273,
134,0.62,2.01250004768372,1.9625002220273,
135,0.625,1.98375004529953,1.99375021830201,
136,0.63,1.98375004529953,2.02500021457672,
137,0.635,1.98375004529953,2.02500021457672,
138,0.64,1.95500004291534,1.99375021830201,
139,0.645,1.95500004291534,1.93125022575259,
140,0.65,1.98375004529953,1.9625002220273,
141,0.655,1.98375004529953,1.99375021830201,
142,0.66,1.95500004291534,1.9625002220273,
143,0.665,1.98375004529953,1.9625002220273,
144,0.67,2.01250004768372,1.9625002220273,
145,0.675,1.98375004529953,1.9625002220273,
146,0.68,1.95500004291534,1.9625002220273,
147,0.685,1.98375004529953,1.99375021830201,
148,0.69,1.98375004529953,1.93125022575259,
149,0.695,1.98375004529953,1.93125022575259,
150,0.7,1.98375004529953,1.9625002220273,
151,0.705,1.98375004529953,1.93125022575259,
152,0.71,1.95500004291534,1.99375021830201,
153,0.715,1.98375004529953,1.99375021830201,
154,0.72,1.95500004291534,1.9625002220273,
155,0.725,1.95500004291534,1.99375021830201,
156,0.73,1.95500004291534,1.93125022575259,
157,0.735,1.98375004529953,1.99375021830201,
158,0.74,1.95500004291534,1.9625002220273,
159,0.745,1.98375004529953,1.9625002220273,
160,0.75,1.95500004291534,1.9625002220273,
161,0.755,1.95500004291534,1.93125022575259,
162,0.76,1.95500004291534,1.99375021830201,
163,0.765,1.98375004529953,1.99375021830201,
164,0.77,1.95500004291534,1.93125022575259,
165,0.775,1.95500004291534,1.9625002220273,
166,0.78,1.98375004529953,1.9625002220273,
167,0.785,1.95500004291534,1.9625002220273,
168,0.79,1.98375004529953,1.9625002220273,
169,0.795,1.98375004529953,1.93125022575259,
170,0.8,1.98375004529953,1.93125022575259,
171,0.805,1.98375004529953,1.9625002220273,
172,0.81,1.95500004291534,1.9625002220273,
173,0.815,1.95500004291534,1.9625002220273,
174,0.82,1.95500004291534,1.9625002220273,
175,0.825,1.98375004529953,1.9625002220273,
176,0.83,1.95500004291534,1.9625002220273,
177,0.835,1.98375004529953,1.93125022575259,
178,0.84,1.98375004529953,1.9625002220273,
179,0.845,1.95500004291534,1.93125022575259,
180,0.85,1.95500004291534,1.9625002220273,
181,0.855,2.01250004768372,1.99375021830201,
182,0.86,1.98375004529953,1.9625002220273,
183,0.865,2.01250004768372,1.99375021830201,
184,0.87,1.98375004529953,1.99375021830201,
185,0.875,2.01250004768372,2.02500021457672,
186,0.88,1.98375004529953,1.99375021830201,
187,0.885,2.01250004768372,1.99375021830201,
188,0.89,2.01250004768372,2.02500021457672,
189,0.895,2.01250004768372,2.02500021457672,
190,0.9,2.01250004768372,2.02500021457672,
191,0.905,1.98375004529953,1.99375021830201,
192,0.91,2.01250004768372,2.02500021457672,
193,0.915,2.01250004768372,2.02500021457672,
194,0.92,2.0412500500679,2.02500021457672,
195,0.925,2.0412500500679,2.02500021457672,
196,0.93,2.01250004768372,2.02500021457672,
197,0.935,2.01250004768372,2.02500021457672,
198,0.94,2.01250004768372,1.99375021830201,
199,0.945,1.98375004529953,2.02500021457672,
200,0.95,2.01250004768372,1.99375021830201,
201,0.955,2.0412500500679,2.02500021457672,
202,0.96,2.01250004768372,1.99375021830201,
203,0.965,2.01250004768372,2.02500021457672,
204,0.97,2.01250004768372,1.99375021830201,
205,0.975,1.98375004529953,2.02500021457672,
206,0.98,2.01250004768372,2.02500021457672,
207,0.985,2.01250004768372,2.02500021457672,
208,0.99,2.01250004768372,1.99375021830201,
209,0.995,2.01250004768372,2.05625021085143,
210,1,2.01250004768372,2.02500021457672,
211,1.005,2.01250004768372,2.02500021457672,
212,1.01,1.98375004529953,2.05625021085143,
213,1.015,2.01250004768372,2.02500021457672,
214,1.02,2.01250004768372,1.99375021830201,
215,1.025,2.01250004768372,2.02500021457672,
216,1.03,1.98375004529953,1.9625002220273,
217,1.035,2.01250004768372,1.99375021830201,
218,1.04,1.95500004291534,1.99375021830201,
219,1.045,1.98375004529953,1.9625002220273,
220,1.05,1.95500004291534,2.02500021457672,
221,1.055,1.98375004529953,1.99375021830201,
222,1.06,2.01250004768372,2.02500021457672,
223,1.065,2.01250004768372,2.02500021457672,
224,1.07,2.01250004768372,1.99375021830201,
225,1.075,1.98375004529953,2.02500021457672,
226,1.08,1.98375004529953,1.99375021830201,
227,1.085,1.98375004529953,2.02500021457672,
228,1.09,1.98375004529953,1.99375021830201,
229,1.095,2.0412500500679,1.9625002220273,
230,1.1,2.01250004768372,2.02500021457672,
231,1.105,1.95500004291534,1.99375021830201,
232,1.11,2.01250004768372,2.02500021457672,
233,1.115,2.01250004768372,2.02500021457672,
234,1.12,2.0412500500679,2.02500021457672,
235,1.125,2.01250004768372,1.99375021830201,
236,1.13,2.01250004768372,1.99375021830201,
237,1.135,1.98375004529953,1.99375021830201,
238,1.14,1.98375004529953,1.9625002220273,
239,1.145,2.01250004768372,2.02500021457672,
240,1.15,2.01250004768372,1.99375021830201,
241,1.155,2.01250004768372,1.9625002220273,
242,1.16,2.0412500500679,2.02500021457672,
243,1.165,2.01250004768372,1.99375021830201,
244,1.17,2.01250004768372,1.99375021830201,
245,1.175,2.0412500500679,1.99375021830201,
246,1.18,2.01250004768372,2.02500021457672,
247,1.185,1.98375004529953,2.02500021457672,
248,1.19,2.01250004768372,2.02500021457672,
249,1.195,2.01250004768372,1.99375021830201,
250,1.2,2.01250004768372,2.02500021457672,
251,1.205,2.01250004768372,1.99375021830201,
252,1.21,2.01250004768372,2.02500021457672,
253,1.215,2.01250004768372,1.99375021830201,
254,1.22,2.01250004768372,2.02500021457672,
255,1.225,2.01250004768372,2.02500021457672,
256,1.23,1.98375004529953,1.9625002220273,
257,1.235,2.01250004768372,1.99375021830201,
258,1.24,1.98375004529953,1.99375021830201,
259,1.245,1.98375004529953,1.99375021830201,
260,1.25,1.95500004291534,1.99375021830201,
261,1.255,2.01250004768372,1.99375021830201,
262,1.26,2.01250004768372,1.99375021830201,
263,1.265,1.98375004529953,1.99375021830201,
264,1.27,1.98375004529953,1.99375021830201,
265,1.275,2.01250004768372,2.02500021457672,
266,1.28,1.98375004529953,1.99375021830201,
267,1.285,2.01250004768372,1.99375021830201,
268,1.29,1.98375004529953,1.99375021830201,
269,1.295,1.95500004291534,1.99375021830201,
270,1.3,1.98375004529953,2.02500021457672,
271,1.305,2.01250004768372,2.02500021457672,
272,1.31,1.98375004529953,2.02500021457672,
273,1.315,1.98375004529953,2.02500021457672,
274,1.32,1.98375004529953,2.02500021457672,
275,1.325,1.98375004529953,2.02500021457672,
276,1.33,2.01250004768372,1.99375021830201,
277,1.335,1.98375004529953,1.99375021830201,
278,1.34,1.95500004291534,1.99375021830201,
279,1.345,2.01250004768372,1.99375021830201,
280,1.35,1.98375004529953,1.9625002220273,
281,1.355,1.98375004529953,1.99375021830201,
282,1.36,2.01250004768372,2.02500021457672,
283,1.365,1.98375004529953,2.02500021457672,
284,1.37,1.98375004529953,1.99375021830201,
285,1.375,1.95500004291534,1.99375021830201,
286,1.38,2.01250004768372,1.99375021830201,
287,1.385,2.01250004768372,2.02500021457672,
288,1.39,1.98375004529953,2.02500021457672,
289,1.395,1.98375004529953,1.9625002220273,
290,1.4,2.01250004768372,1.99375021830201,
291,1.405,2.01250004768372,1.99375021830201,
292,1.41,2.01250004768372,1.9625002220273,
293,1.415,1.98375004529953,1.99375021830201,
294,1.42,2.01250004768372,2.02500021457672,
295,1.425,1.98375004529953,1.99375021830201,
296,1.43,1.98375004529953,2.02500021457672,
297,1.435,2.01250004768372,1.99375021830201,
298,1.44,2.01250004768372,1.9625002220273,
299,1.445,1.98375004529953,1.9625002220273,
300,1.45,1.98375004529953,1.9625002220273,
301,1.455,1.98375004529953,1.99375021830201,
302,1.46,1.98375004529953,1.99375021830201,
303,1.465,1.98375004529953,1.99375021830201,
304,1.47,1.98375004529953,1.99375021830201,
305,1.475,1.98375004529953,1.9625002220273,
306,1.48,1.98375004529953,1.9625002220273,
307,1.485,2.01250004768372,1.99375021830201,
308,1.49,2.01250004768372,1.99375021830201,
309,1.495,2.01250004768372,1.99375021830201,
310,1.5,2.01250004768372,1.99375021830201,
311,1.505,1.98375004529953,2.02500021457672,
312,1.51,1.95500004291534,2.02500021457672,
313,1.515,1.98375004529953,1.99375021830201,
314,1.52,1.98375004529953,1.9625002220273,
315,1.525,1.98375004529953,1.99375021830201,
316,1.53,1.98375004529953,1.99375021830201,
317,1.535,1.98375004529953,1.99375021830201,
318,1.54,1.98375004529953,1.99375021830201,
319,1.545,2.01250004768372,1.99375021830201,
320,1.55,1.98375004529953,1.99375021830201,
321,1.555,1.98375004529953,1.9625002220273,
322,1.56,2.01250004768372,1.99375021830201,
323,1.565,1.98375004529953,1.9625002220273,
324,1.57,2.01250004768372,1.9625002220273,
325,1.575,1.98375004529953,1.9625002220273,
326,1.58,1.98375004529953,1.99375021830201,
327,1.585,2.01250004768372,2.02500021457672,
328,1.59,1.95500004291534,2.02500021457672,
329,1.595,1.98375004529953,1.9625002220273,
330,1.6,1.95500004291534,1.99375021830201,
331,1.605,1.98375004529953,1.99375021830201,
332,1.61,1.98375004529953,1.9625002220273,
333,1.615,1.98375004529953,1.9625002220273,
334,1.62,1.98375004529953,1.99375021830201,
335,1.625,2.01250004768372,1.99375021830201,
336,1.63,2.01250004768372,1.99375021830201,
337,1.635,2.0412500500679,1.99375021830201,
338,1.64,1.98375004529953,2.02500021457672,
339,1.645,1.98375004529953,1.9625002220273,
340,1.65,1.98375004529953,1.99375021830201,
341,1.655,1.98375004529953,1.9625002220273,
342,1.66,1.95500004291534,1.9625002220273,
343,1.665,1.95500004291534,1.9625002220273,
344,1.67,1.98375004529953,1.99375021830201,
345,1.675,1.95500004291534,1.9625002220273,
346,1.68,1.95500004291534,1.9625002220273,
347,1.685,1.92625004053116,1.93125022575259,
348,1.69,1.98375004529953,1.9625002220273,
349,1.695,1.95500004291534,1.9625002220273,
350,1.7,1.95500004291534,1.93125022575259,
351,1.705,1.95500004291534,1.93125022575259,
352,1.71,1.92625004053116,1.9625002220273,
353,1.715,1.92625004053116,1.93125022575259,
354,1.72,1.95500004291534,1.9625002220273,
355,1.725,1.92625004053116,1.93125022575259,
356,1.73,1.95500004291534,1.93125022575259,
357,1.735,1.95500004291534,1.93125022575259,
358,1.74,1.92625004053116,1.9625002220273,
359,1.745,1.92625004053116,1.9625002220273,
360,1.75,1.98375004529953,1.93125022575259,
361,1.755,1.92625004053116,1.9625002220273,
362,1.76,1.95500004291534,1.9625002220273,
363,1.765,1.92625004053116,1.93125022575259,
364,1.77,1.92625004053116,1.93125022575259,
365,1.775,1.95500004291534,1.93125022575259,
366,1.78,1.95500004291534,1.93125022575259,
367,1.785,1.95500004291534,1.9625002220273,
368,1.79,1.95500004291534,1.9625002220273,
369,1.795,1.92625004053116,1.9625002220273,
370,1.8,1.95500004291534,1.90000022947788,
371,1.805,1.89750003814697,1.93125022575259,
372,1.81,1.92625004053116,1.93125022575259,
373,1.815,1.95500004291534,1.93125022575259,
374,1.82,1.92625004053116,1.9625002220273,
375,1.825,1.95500004291534,1.93125022575259,
376,1.83,1.95500004291534,1.90000022947788,
377,1.835,1.95500004291534,1.93125022575259,
378,1.84,1.95500004291534,1.9625002220273,
379,1.845,1.92625004053116,1.93125022575259,
380,1.85,1.95500004291534,1.9625002220273,
381,1.855,1.95500004291534,1.93125022575259,
382,1.86,1.95500004291534,1.90000022947788,
383,1.865,1.95500004291534,1.9625002220273,
384,1.87,1.89750003814697,1.93125022575259,
385,1.875,1.98375004529953,1.9625002220273,
386,1.88,1.95500004291534,1.9625002220273,
387,1.885,1.98375004529953,1.9625002220273,
388,1.89,1.98375004529953,1.9625002220273,
389,1.895,1.95500004291534,1.93125022575259,
390,1.9,1.95500004291534,1.9625002220273,
391,1.905,1.98375004529953,1.99375021830201,
392,1.91,1.95500004291534,1.99375021830201,
393,1.915,1.98375004529953,1.99375021830201,
394,1.92,1.98375004529953,1.9625002220273,
395,1.925,1.95500004291534,1.9625002220273,
396,1.93,1.98375004529953,1.99375021830201,
397,1.935,1.98375004529953,1.93125022575259,
398,1.94,1.98375004529953,1.99375021830201,
399,1.945,2.01250004768372,1.9625002220273,
400,1.95,1.95500004291534,1.9625002220273,
401,1.955,2.01250004768372,1.9625002220273,
402,1.96,1.98375004529953,1.9625002220273,
403,1.965,1.98375004529953,1.93125022575259,
404,1.97,1.98375004529953,1.99375021830201,
405,1.975,1.95500004291534,1.99375021830201,
406,1.98,1.92625004053116,1.93125022575259,
407,1.985,1.95500004291534,1.9625002220273,
408,1.99,1.98375004529953,2.02500021457672,
409,1.995,1.98375004529953,1.99375021830201,
410,2,1.98375004529953,1.9625002220273,
411,2.005,2.01250004768372,1.99375021830201,
412,2.01,1.95500004291534,1.99375021830201,
413,2.015,1.98375004529953,1.9625002220273,
414,2.02,1.98375004529953,1.99375021830201,
415,2.025,1.95500004291534,1.9625002220273,
416,2.03,2.01250004768372,1.9625002220273,
417,2.035,2.01250004768372,1.9625002220273,
418,2.04,1.95500004291534,1.99375021830201,
419,2.045,1.98375004529953,1.9625002220273,
420,2.05,1.95500004291534,1.9625002220273,
421,2.055,1.98375004529953,1.9625002220273,
422,2.06,1.98375004529953,1.99375021830201,
423,2.065,1.95500004291534,1.93125022575259,
424,2.07,1.95500004291534,1.99375021830201,
425,2.075,1.98375004529953,2.02500021457672,
426,2.08,1.98375004529953,1.99375021830201,
427,2.085,2.01250004768372,2.02500021457672,
428,2.09,2.01250004768372,1.99375021830201,
429,2.095,2.01250004768372,1.99375021830201,
430,2.1,2.0412500500679,1.99375021830201,
431,2.105,2.01250004768372,2.02500021457672,
432,2.11,2.01250004768372,2.05625021085143,
433,2.115,2.01250004768372,2.05625021085143,
434,2.12,1.98375004529953,2.02500021457672,
435,2.125,2.0412500500679,2.02500021457672,
436,2.13,2.0412500500679,2.02500021457672,
437,2.135,2.01250004768372,1.99375021830201,
438,2.14,2.01250004768372,2.05625021085143,
439,2.145,2.01250004768372,2.05625021085143,
440,2.15,2.0412500500679,2.02500021457672,
441,2.155,2.0412500500679,2.05625021085143,
442,2.16,1.98375004529953,1.99375021830201,
443,2.165,2.01250004768372,2.02500021457672,
444,2.17,2.01250004768372,2.05625021085143,
445,2.175,2.0412500500679,1.99375021830201,
446,2.18,2.01250004768372,2.02500021457672,
447,2.185,2.01250004768372,2.02500021457672,
448,2.19,2.0412500500679,2.02500021457672,
449,2.195,2.0412500500679,1.99375021830201,
450,2.2,2.0412500500679,2.02500021457672,
451,2.205,2.0412500500679,2.02500021457672,
452,2.21,2.0412500500679,2.05625021085143,
453,2.215,2.07000005245209,2.02500021457672,
454,2.22,2.0412500500679,2.05625021085143,
455,2.225,2.0412500500679,2.05625021085143,
456,2.23,2.01250004768372,1.9625002220273,
457,2.235,2.0412500500679,2.02500021457672,
458,2.24,2.0412500500679,2.02500021457672,
459,2.245,2.0412500500679,1.99375021830201,
460,2.25,2.0412500500679,2.05625021085143,
461,2.255,2.0412500500679,2.05625021085143,
462,2.26,2.01250004768372,2.05625021085143,
463,2.265,2.0412500500679,2.02500021457672,
464,2.27,2.07000005245209,2.05625021085143,
465,2.275,2.01250004768372,2.02500021457672,
466,2.28,2.01250004768372,2.05625021085143,
467,2.285,2.0412500500679,2.02500021457672,
468,2.29,2.0412500500679,2.05625021085143,
469,2.295,2.01250004768372,2.02500021457672,
470,2.3,2.01250004768372,2.02500021457672,
471,2.305,2.01250004768372,2.02500021457672,
472,2.31,2.01250004768372,2.05625021085143,
473,2.315,2.01250004768372,2.02500021457672,
474,2.32,2.0412500500679,2.05625021085143,
475,2.325,2.0412500500679,1.99375021830201,
476,2.33,2.07000005245209,2.02500021457672,
477,2.335,2.0412500500679,2.02500021457672,
478,2.34,2.0412500500679,2.02500021457672,
479,2.345,2.01250004768372,2.02500021457672,
480,2.35,2.01250004768372,2.02500021457672,
481,2.355,2.07000005245209,2.02500021457672,
482,2.36,2.0412500500679,2.05625021085143,
483,2.365,2.01250004768372,2.02500021457672,
484,2.37,2.0412500500679,1.99375021830201,
485,2.375,2.01250004768372,2.05625021085143,
486,2.38,2.0412500500679,2.02500021457672,
487,2.385,2.07000005245209,2.02500021457672,
488,2.39,2.0412500500679,2.05625021085143,
489,2.395,2.0412500500679,1.99375021830201,
490,2.4,2.0412500500679,1.99375021830201,
491,2.405,2.0412500500679,2.02500021457672,
492,2.41,2.0412500500679,2.05625021085143,
493,2.415,2.0412500500679,2.02500021457672,
494,2.42,2.0412500500679,2.02500021457672,
495,2.425,2.07000005245209,2.02500021457672,
496,2.43,2.0412500500679,2.02500021457672,
497,2.435,2.01250004768372,2.05625021085143,
498,2.44,2.0412500500679,2.02500021457672,
499,2.445,2.0412500500679,2.02500021457672,
500,2.45,2.01250004768372,2.05625021085143,
501,2.455,2.01250004768372,1.99375021830201,
502,2.46,2.0412500500679,2.02500021457672,
503,2.465,2.0412500500679,2.05625021085143,
504,2.47,2.07000005245209,2.02500021457672,
505,2.475,2.01250004768372,2.02500021457672,
506,2.48,1.98375004529953,1.99375021830201,
507,2.485,2.01250004768372,1.99375021830201,
508,2.49,1.98375004529953,2.02500021457672,
509,2.495,2.0412500500679,2.02500021457672,
510,2.5,2.01250004768372,2.02500021457672,
511,2.505,1.98375004529953,2.02500021457672,
512,2.51,2.01250004768372,2.02500021457672,
513,2.515,2.0412500500679,2.05625021085143,
514,2.52,2.0412500500679,1.99375021830201,
515,2.525,2.0412500500679,2.02500021457672,
516,2.53,2.0412500500679,1.99375021830201,
517,2.535,1.98375004529953,2.02500021457672,
518,2.54,2.0412500500679,2.05625021085143,
519,2.545,1.98375004529953,1.99375021830201,
520,2.55,2.01250004768372,2.02500021457672,
521,2.555,2.01250004768372,2.02500021457672,
522,2.56,2.0412500500679,2.02500021457672,
523,2.565,2.01250004768372,1.99375021830201,
524,2.57,2.0412500500679,2.02500021457672,
525,2.575,2.01250004768372,2.05625021085143,
526,2.58,2.01250004768372,2.02500021457672,
527,2.585,1.98375004529953,1.99375021830201,
528,2.59,2.01250004768372,1.99375021830201,
529,2.595,2.0412500500679,1.9625002220273,
530,2.6,2.0412500500679,2.02500021457672,
531,2.605,2.0412500500679,2.02500021457672,
532,2.61,2.01250004768372,1.99375021830201,
533,2.615,2.01250004768372,1.99375021830201,
534,2.62,2.01250004768372,2.02500021457672,
535,2.625,2.01250004768372,2.02500021457672,
536,2.63,2.01250004768372,2.02500021457672,
537,2.635,2.01250004768372,2.02500021457672,
538,2.64,2.0412500500679,1.99375021830201,
539,2.645,2.01250004768372,1.99375021830201,
540,2.65,2.0412500500679,1.9625002220273,
541,2.655,1.98375004529953,2.02500021457672,
542,2.66,2.0412500500679,2.02500021457672,
543,2.665,2.01250004768372,1.99375021830201,
544,2.67,2.01250004768372,1.99375021830201,
545,2.675,2.01250004768372,1.99375021830201,
546,2.68,2.01250004768372,1.99375021830201,
547,2.685,1.98375004529953,1.99375021830201,
548,2.69,1.98375004529953,2.02500021457672,
549,2.695,2.01250004768372,1.99375021830201,
550,2.7,1.98375004529953,1.99375021830201,
551,2.705,1.98375004529953,1.99375021830201,
552,2.71,1.98375004529953,1.99375021830201,
553,2.715,2.01250004768372,1.99375021830201,
554,2.72,1.95500004291534,1.99375021830201,
555,2.725,2.01250004768372,1.99375021830201,
556,2.73,1.98375004529953,2.02500021457672,
557,2.735,1.98375004529953,1.99375021830201,
558,2.74,1.98375004529953,1.9625002220273,
559,2.745,1.98375004529953,1.9625002220273,
560,2.75,1.95500004291534,2.02500021457672,
561,2.755,2.01250004768372,1.99375021830201,
562,2.76,1.98375004529953,1.99375021830201,
563,2.765,1.98375004529953,1.99375021830201,
564,2.77,1.98375004529953,1.99375021830201,
565,2.775,1.98375004529953,1.99375021830201,
566,2.78,1.98375004529953,1.99375021830201,
567,2.785,2.01250004768372,2.02500021457672,
568,2.79,2.01250004768372,1.99375021830201,
569,2.795,1.98375004529953,2.02500021457672,
570,2.8,1.95500004291534,1.99375021830201,
571,2.805,1.98375004529953,1.99375021830201,
572,2.81,1.95500004291534,2.02500021457672,
573,2.815,2.0412500500679,1.99375021830201,
574,2.82,2.01250004768372,1.99375021830201,
575,2.825,1.98375004529953,2.02500021457672,
576,2.83,1.98375004529953,1.9625002220273,
577,2.835,2.01250004768372,1.9625002220273,
578,2.84,1.98375004529953,1.99375021830201,
579,2.845,2.01250004768372,2.02500021457672,
580,2.85,1.98375004529953,1.99375021830201,
581,2.855,1.95500004291534,1.9625002220273,
582,2.86,1.98375004529953,1.99375021830201,
583,2.865,1.98375004529953,1.99375021830201,
584,2.87,1.98375004529953,1.99375021830201,
585,2.875,1.98375004529953,1.9625002220273,
586,2.88,1.98375004529953,1.9625002220273,
587,2.885,1.95500004291534,1.99375021830201,
588,2.89,1.98375004529953,1.9625002220273,
589,2.895,1.95500004291534,1.9625002220273,
590,2.9,1.98375004529953,2.02500021457672,
591,2.905,2.01250004768372,1.99375021830201,
592,2.91,1.98375004529953,2.02500021457672,
593,2.915,2.01250004768372,1.99375021830201,
594,2.92,2.01250004768372,2.02500021457672,
595,2.925,2.01250004768372,2.02500021457672,
596,2.93,2.01250004768372,1.99375021830201,
597,2.935,1.98375004529953,2.05625021085143,
598,2.94,2.01250004768372,2.05625021085143,
599,2.945,2.01250004768372,2.02500021457672,
600,2.95,2.01250004768372,2.05625021085143,
601,2.955,2.01250004768372,1.99375021830201,
602,2.96,2.01250004768372,2.02500021457672,
603,2.965,2.01250004768372,2.05625021085143,
604,2.97,2.01250004768372,2.02500021457672,
605,2.975,2.01250004768372,2.02500021457672,
606,2.98,2.01250004768372,1.99375021830201,
607,2.985,2.0412500500679,2.02500021457672,
608,2.99,1.98375004529953,2.02500021457672,
609,2.995,2.01250004768372,1.99375021830201,
610,3,2.01250004768372,1.9625002220273,
611,3.005,2.01250004768372,2.02500021457672,
612,3.01,1.98375004529953,2.02500021457672,
613,3.015,1.98375004529953,1.99375021830201,
614,3.02,1.98375004529953,1.99375021830201,
615,3.025,2.01250004768372,2.02500021457672,
616,3.03,2.01250004768372,2.02500021457672,
617,3.035,1.98375004529953,2.02500021457672,
618,3.04,2.01250004768372,1.99375021830201,
619,3.045,2.01250004768372,2.02500021457672,
620,3.05,2.01250004768372,1.99375021830201,
621,3.055,1.98375004529953,1.99375021830201,
622,3.06,1.98375004529953,1.99375021830201,
623,3.065,2.01250004768372,2.02500021457672,
624,3.07,2.01250004768372,2.02500021457672,
625,3.075,1.98375004529953,1.99375021830201,
626,3.08,2.01250004768372,2.02500021457672,
627,3.085,2.01250004768372,1.9625002220273,
628,3.09,2.01250004768372,1.9625002220273,
629,3.095,2.01250004768372,2.02500021457672,
630,3.1,1.98375004529953,2.02500021457672,
631,3.105,1.98375004529953,1.99375021830201,
632,3.11,1.98375004529953,1.99375021830201,
633,3.115,1.98375004529953,2.02500021457672,
634,3.12,1.98375004529953,2.02500021457672,
635,3.125,1.98375004529953,1.99375021830201,
636,3.13,1.98375004529953,1.99375021830201,
637,3.135,2.01250004768372,1.99375021830201,
638,3.14,1.98375004529953,2.05625021085143,
639,3.145,2.01250004768372,1.99375021830201,
640,3.15,1.98375004529953,2.02500021457672,
641,3.155,2.01250004768372,1.99375021830201,
642,3.16,1.98375004529953,1.99375021830201,
643,3.165,1.95500004291534,1.99375021830201,
644,3.17,2.01250004768372,2.02500021457672,
645,3.175,2.01250004768372,1.9625002220273,
646,3.18,2.01250004768372,2.02500021457672,
647,3.185,2.01250004768372,2.02500021457672,
648,3.19,2.01250004768372,1.99375021830201,
649,3.195,2.01250004768372,1.9625002220273,
650,3.2,2.01250004768372,1.99375021830201,
651,3.205,1.95500004291534,1.99375021830201,
652,3.21,1.98375004529953,2.02500021457672,
653,3.215,1.98375004529953,1.99375021830201,
654,3.22,2.01250004768372,1.99375021830201,
655,3.225,1.98375004529953,1.99375021830201,
656,3.23,2.01250004768372,1.99375021830201,
657,3.235,1.98375004529953,1.99375021830201,
658,3.24,2.01250004768372,2.05625021085143,
659,3.245,2.01250004768372,1.99375021830201,
660,3.25,1.98375004529953,1.99375021830201,
661,3.255,1.98375004529953,1.99375021830201,
662,3.26,1.98375004529953,2.02500021457672,
663,3.265,1.98375004529953,1.9625002220273,
664,3.27,2.01250004768372,1.99375021830201,
665,3.275,1.95500004291534,1.99375021830201,
666,3.28,2.01250004768372,1.99375021830201,
667,3.285,1.95500004291534,1.9625002220273,
668,3.29,1.98375004529953,1.9625002220273,
669,3.295,1.98375004529953,1.99375021830201,
670,3.3,1.98375004529953,1.9625002220273,
671,3.305,1.98375004529953,1.99375021830201,
672,3.31,1.98375004529953,2.02500021457672,
673,3.315,1.98375004529953,1.99375021830201,
674,3.32,2.01250004768372,2.02500021457672,
675,3.325,2.01250004768372,2.02500021457672,
676,3.33,1.98375004529953,1.9625002220273,
677,3.335,1.98375004529953,1.99375021830201,
678,3.34,2.01250004768372,2.02500021457672,
679,3.345,2.01250004768372,2.02500021457672,
680,3.35,2.01250004768372,2.02500021457672,
681,3.355,2.01250004768372,1.99375021830201,
682,3.36,1.98375004529953,2.02500021457672,
683,3.365,2.01250004768372,2.02500021457672,
684,3.37,2.01250004768372,2.02500021457672,
685,3.375,1.98375004529953,2.02500021457672,
686,3.38,2.01250004768372,2.02500021457672,
687,3.385,2.0412500500679,2.02500021457672,
688,3.39,2.01250004768372,1.99375021830201,
689,3.395,1.98375004529953,2.02500021457672,
690,3.4,2.01250004768372,1.99375021830201,
691,3.405,1.98375004529953,1.99375021830201,
692,3.41,2.01250004768372,2.05625021085143,
693,3.415,2.0412500500679,2.02500021457672,
694,3.42,1.98375004529953,1.99375021830201,
695,3.425,2.01250004768372,2.05625021085143,
696,3.43,2.0412500500679,2.02500021457672,
697,3.435,2.0412500500679,1.99375021830201,
698,3.44,1.98375004529953,2.02500021457672,
699,3.445,1.98375004529953,2.02500021457672,
700,3.45,1.98375004529953,2.02500021457672,
701,3.455,2.0412500500679,1.9625002220273,
702,3.46,2.01250004768372,2.02500021457672,
703,3.465,1.98375004529953,1.99375021830201,
704,3.47,2.01250004768372,1.9625002220273,
705,3.475,2.01250004768372,2.02500021457672,
706,3.48,2.01250004768372,2.02500021457672,
707,3.485,2.01250004768372,2.02500021457672,
708,3.49,1.98375004529953,1.99375021830201,
709,3.495,1.98375004529953,1.99375021830201,
710,3.5,2.01250004768372,2.02500021457672,
711,3.505,2.01250004768372,2.02500021457672,
712,3.51,2.01250004768372,1.99375021830201,
713,3.515,2.01250004768372,2.02500021457672,
714,3.52,1.98375004529953,1.99375021830201,
715,3.525,2.01250004768372,1.99375021830201,
716,3.53,2.01250004768372,1.99375021830201,
717,3.535,1.98375004529953,1.99375021830201,
718,3.54,1.98375004529953,2.02500021457672,
719,3.545,2.01250004768372,1.99375021830201,
720,3.55,2.01250004768372,1.99375021830201,
721,3.555,1.98375004529953,2.02500021457672,
722,3.56,2.01250004768372,1.9625002220273,
723,3.565,2.01250004768372,2.02500021457672,
724,3.57,2.01250004768372,1.99375021830201,
725,3.575,2.01250004768372,1.99375021830201,
726,3.58,1.98375004529953,1.9625002220273,
727,3.585,2.01250004768372,2.05625021085143,
728,3.59,2.01250004768372,2.02500021457672,
729,3.595,2.01250004768372,1.99375021830201,
730,3.6,1.98375004529953,2.02500021457672,
731,3.605,2.01250004768372,1.99375021830201,
732,3.61,1.98375004529953,1.99375021830201,
733,3.615,2.01250004768372,2.02500021457672,
734,3.62,1.98375004529953,1.99375021830201,
735,3.625,2.01250004768372,2.02500021457672,
736,3.63,2.01250004768372,2.02500021457672,
737,3.635,2.01250004768372,1.99375021830201,
738,3.64,2.01250004768372,2.02500021457672,
739,3.645,1.98375004529953,2.05625021085143,
740,3.65,1.98375004529953,1.99375021830201,
741,3.655,2.0412500500679,2.02500021457672,
742,3.66,2.01250004768372,2.02500021457672,
743,3.665,2.01250004768372,1.99375021830201,
744,3.67,2.01250004768372,2.02500021457672,
745,3.675,2.01250004768372,2.02500021457672,
746,3.68,2.01250004768372,1.99375021830201,
747,3.685,1.98375004529953,1.99375021830201,
748,3.69,2.01250004768372,1.99375021830201,
749,3.695,1.95500004291534,1.9625002220273,
750,3.7,1.98375004529953,1.9625002220273,
751,3.705,2.01250004768372,1.9625002220273,
752,3.71,1.98375004529953,1.9625002220273,
753,3.715,1.98375004529953,1.9625002220273,
754,3.72,1.95500004291534,1.9625002220273,
755,3.725,1.98375004529953,1.9625002220273,
756,3.73,1.95500004291534,1.93125022575259,
757,3.735,1.98375004529953,1.93125022575259,
758,3.74,1.95500004291534,1.9625002220273,
759,3.745,1.92625004053116,1.9625002220273,
760,3.75,1.98375004529953,1.99375021830201,
761,3.755,1.92625004053116,1.9625002220273,
762,3.76,1.95500004291534,1.9625002220273,
763,3.765,1.95500004291534,1.9625002220273,
764,3.77,1.98375004529953,1.9625002220273,
765,3.775,1.98375004529953,1.9625002220273,
766,3.78,1.95500004291534,1.93125022575259,
767,3.785,1.98375004529953,1.9625002220273,
768,3.79,1.98375004529953,1.9625002220273,
769,3.795,1.92625004053116,1.9625002220273,
770,3.8,1.92625004053116,1.93125022575259,
771,3.805,1.95500004291534,1.99375021830201,
772,3.81,1.95500004291534,1.9625002220273,
773,3.815,1.98375004529953,1.9625002220273,
774,3.82,1.95500004291534,1.93125022575259,
775,3.825,1.95500004291534,1.9625002220273,
776,3.83,1.95500004291534,1.93125022575259,
777,3.835,1.95500004291534,1.9625002220273,
778,3.84,1.95500004291534,1.9625002220273,
779,3.845,1.95500004291534,1.93125022575259,
780,3.85,1.98375004529953,1.9625002220273,
781,3.855,1.95500004291534,1.99375021830201,
782,3.86,1.98375004529953,1.9625002220273,
783,3.865,1.95500004291534,1.93125022575259,
784,3.87,1.98375004529953,1.9625002220273,
785,3.875,1.95500004291534,1.99375021830201,
786,3.88,1.95500004291534,1.9625002220273,
787,3.885,1.95500004291534,1.93125022575259,
788,3.89,1.98375004529953,1.93125022575259,
789,3.895,1.98375004529953,1.93125022575259,
790,3.9,1.95500004291534,1.9625002220273,
791,3.905,1.95500004291534,1.9625002220273,
792,3.91,1.98375004529953,1.9625002220273,
793,3.915,1.98375004529953,1.9625002220273,
794,3.92,1.98375004529953,1.99375021830201,
795,3.925,1.98375004529953,1.99375021830201,
796,3.93,1.98375004529953,2.02500021457672,
797,3.935,1.98375004529953,1.9625002220273,
798,3.94,1.95500004291534,1.99375021830201,
799,3.945,2.01250004768372,1.99375021830201,
800,3.95,2.01250004768372,1.99375021830201,
801,3.955,2.01250004768372,2.02500021457672,
802,3.96,2.01250004768372,1.9625002220273,
803,3.965,1.98375004529953,1.99375021830201,
804,3.97,2.01250004768372,2.02500021457672,
805,3.975,2.01250004768372,2.02500021457672,
806,3.98,2.01250004768372,2.02500021457672,
807,3.985,2.01250004768372,1.99375021830201,
808,3.99,2.01250004768372,1.99375021830201,
809,3.995,1.95500004291534,2.02500021457672,
810,4,2.01250004768372,1.99375021830201,
811,4.005,1.98375004529953,1.99375021830201,
812,4.01,1.98375004529953,1.99375021830201,
813,4.015,2.01250004768372,1.99375021830201,
814,4.02,2.01250004768372,2.02500021457672,
815,4.025,1.98375004529953,1.99375021830201,
816,4.03,2.01250004768372,1.99375021830201,
817,4.035,2.01250004768372,1.9625002220273,
818,4.04,1.98375004529953,2.02500021457672,
819,4.045,1.98375004529953,1.99375021830201,
820,4.05,1.98375004529953,2.02500021457672,
821,4.055,1.98375004529953,1.99375021830201,
822,4.06,2.01250004768372,1.99375021830201,
823,4.065,2.01250004768372,2.02500021457672,
824,4.07,1.98375004529953,1.9625002220273,
825,4.075,2.0412500500679,2.02500021457672,
826,4.08,2.01250004768372,2.02500021457672,
827,4.085,2.01250004768372,1.99375021830201,
828,4.09,2.01250004768372,1.99375021830201,
829,4.095,1.98375004529953,1.99375021830201,
830,4.1,1.98375004529953,1.99375021830201,
831,4.105,2.01250004768372,1.9625002220273,
832,4.11,2.0412500500679,2.02500021457672,
833,4.115,2.0412500500679,1.99375021830201,
834,4.12,2.0412500500679,2.02500021457672,
835,4.125,2.0412500500679,2.02500021457672,
836,4.13,2.0412500500679,2.02500021457672,
837,4.135,2.0412500500679,2.05625021085143,
838,4.14,2.07000005245209,2.02500021457672,
839,4.145,2.01250004768372,2.02500021457672,
840,4.15,2.0412500500679,2.02500021457672,
841,4.155,2.0412500500679,2.02500021457672,
842,4.16,2.0412500500679,2.02500021457672,
843,4.165,2.01250004768372,2.05625021085143,
844,4.17,2.01250004768372,2.05625021085143,
845,4.175,2.0412500500679,2.02500021457672,
846,4.18,2.07000005245209,2.02500021457672,
847,4.185,2.07000005245209,2.08750020712614,
848,4.19,2.0412500500679,2.02500021457672,
849,4.195,2.0412500500679,2.05625021085143,
850,4.2,2.0412500500679,2.05625021085143,
851,4.205,2.0412500500679,2.02500021457672,
852,4.21,2.0412500500679,2.02500021457672,
853,4.215,2.0412500500679,2.08750020712614,
854,4.22,2.07000005245209,2.08750020712614,
855,4.225,2.0412500500679,2.05625021085143,
856,4.23,2.0412500500679,2.05625021085143,
857,4.235,2.07000005245209,2.05625021085143,
858,4.24,2.0412500500679,2.05625021085143,
859,4.245,2.0412500500679,2.05625021085143,
860,4.25,2.0412500500679,2.05625021085143,
861,4.255,2.0412500500679,2.05625021085143,
862,4.26,2.0412500500679,2.05625021085143,
863,4.265,2.07000005245209,2.02500021457672,
864,4.27,2.07000005245209,2.02500021457672,
865,4.275,2.0412500500679,2.08750020712614,
866,4.28,2.07000005245209,2.05625021085143,
867,4.285,2.01250004768372,2.05625021085143,
868,4.29,2.0412500500679,2.05625021085143,
869,4.295,2.0412500500679,2.02500021457672,
870,4.3,2.07000005245209,2.02500021457672,
871,4.305,2.07000005245209,2.02500021457672,
872,4.31,2.0412500500679,2.02500021457672,
873,4.315,2.0412500500679,2.05625021085143,
874,4.32,2.01250004768372,2.02500021457672,
875,4.325,2.01250004768372,2.05625021085143,
876,4.33,2.0412500500679,2.05625021085143,
877,4.335,2.0412500500679,2.05625021085143,
878,4.34,1.98375004529953,2.02500021457672,
879,4.345,2.01250004768372,2.02500021457672,
880,4.35,2.01250004768372,2.02500021457672,
881,4.355,2.07000005245209,2.02500021457672,
882,4.36,2.0412500500679,2.02500021457672,
883,4.365,2.0412500500679,2.02500021457672,
884,4.37,2.0412500500679,2.05625021085143,
885,4.375,2.0412500500679,2.05625021085143,
886,4.38,2.0412500500679,2.05625021085143,
887,4.385,2.0412500500679,2.02500021457672,
888,4.39,2.01250004768372,2.02500021457672,
889,4.395,2.0412500500679,2.02500021457672,
890,4.4,2.0412500500679,2.05625021085143,
891,4.405,2.0412500500679,2.08750020712614,
892,4.41,2.01250004768372,2.02500021457672,
893,4.415,2.07000005245209,2.02500021457672,
894,4.42,2.0412500500679,2.02500021457672,
895,4.425,2.01250004768372,2.08750020712614,
896,4.43,2.01250004768372,2.02500021457672,
897,4.435,2.0412500500679,2.05625021085143,
898,4.44,2.0412500500679,2.05625021085143,
899,4.445,2.0412500500679,2.05625021085143,
900,4.45,2.07000005245209,2.02500021457672,
901,4.455,2.0412500500679,2.02500021457672,
902,4.46,2.0412500500679,2.05625021085143,
903,4.465,2.07000005245209,2.02500021457672,
904,4.47,2.07000005245209,2.05625021085143,
905,4.475,2.0412500500679,2.05625021085143,
906,4.48,2.01250004768372,2.05625021085143,
907,4.485,2.01250004768372,2.05625021085143,
908,4.49,2.0412500500679,2.02500021457672,
909,4.495,2.07000005245209,2.08750020712614,
910,4.5,2.0412500500679,2.02500021457672,
911,4.505,2.0412500500679,2.02500021457672,
912,4.51,2.0412500500679,2.05625021085143,
913,4.515,2.01250004768372,2.05625021085143,
914,4.52,2.0412500500679,2.02500021457672,
915,4.525,2.01250004768372,2.05625021085143,
916,4.53,2.01250004768372,2.02500021457672,
917,4.535,2.0412500500679,2.02500021457672,
918,4.54,2.0412500500679,2.02500021457672,
919,4.545,2.07000005245209,2.02500021457672,
920,4.55,2.0412500500679,1.99375021830201,
921,4.555,2.0412500500679,2.02500021457672,
922,4.56,2.0412500500679,2.05625021085143,
923,4.565,2.0412500500679,2.02500021457672,
924,4.57,2.01250004768372,2.02500021457672,
925,4.575,2.01250004768372,2.05625021085143,
926,4.58,2.0412500500679,2.02500021457672,
927,4.585,2.0412500500679,2.05625021085143,
928,4.59,2.0412500500679,2.02500021457672,
929,4.595,2.0412500500679,2.05625021085143,
930,4.6,2.0412500500679,2.02500021457672,
931,4.605,2.0412500500679,2.05625021085143,
932,4.61,2.0412500500679,2.02500021457672,
933,4.615,2.0412500500679,2.08750020712614,
934,4.62,2.01250004768372,2.02500021457672,
935,4.625,2.0412500500679,2.05625021085143,
936,4.63,2.0412500500679,2.02500021457672,
937,4.635,2.0412500500679,2.02500021457672,
938,4.64,2.0412500500679,2.05625021085143,
939,4.645,2.07000005245209,2.02500021457672,
940,4.65,2.0412500500679,2.02500021457672,
941,4.655,2.0412500500679,2.02500021457672,
942,4.66,2.01250004768372,2.02500021457672,
943,4.665,2.01250004768372,2.02500021457672,
944,4.67,2.0412500500679,2.02500021457672,
945,4.675,2.0412500500679,2.02500021457672,
946,4.68,2.0412500500679,2.02500021457672,
947,4.685,2.01250004768372,2.02500021457672,
948,4.69,2.0412500500679,2.05625021085143,
949,4.695,2.01250004768372,2.02500021457672,
950,4.7,2.0412500500679,2.02500021457672,
951,4.705,2.01250004768372,1.99375021830201,
952,4.71,2.0412500500679,2.02500021457672,
953,4.715,1.98375004529953,2.02500021457672,
954,4.72,2.01250004768372,1.99375021830201,
955,4.725,1.98375004529953,2.02500021457672,
956,4.73,2.01250004768372,1.99375021830201,
957,4.735,1.98375004529953,1.9625002220273,
958,4.74,2.01250004768372,1.99375021830201,
959,4.745,1.95500004291534,1.99375021830201,
960,4.75,1.98375004529953,1.99375021830201,
961,4.755,1.98375004529953,2.02500021457672,
962,4.76,1.98375004529953,1.99375021830201,
963,4.765,1.98375004529953,1.9625002220273,
964,4.77,1.95500004291534,1.9625002220273,
965,4.775,2.01250004768372,1.99375021830201,
966,4.78,1.98375004529953,1.99375021830201,
967,4.785,1.95500004291534,2.02500021457672,
968,4.79,2.01250004768372,1.9625002220273,
969,4.795,2.01250004768372,1.99375021830201,
970,4.8,1.98375004529953,1.9625002220273,
971,4.805,1.95500004291534,1.99375021830201,
972,4.81,1.98375004529953,1.9625002220273,
973,4.815,1.95500004291534,1.9625002220273,
974,4.82,1.98375004529953,1.9625002220273,
975,4.825,1.95500004291534,1.9625002220273,
976,4.83,1.98375004529953,1.9625002220273,
977,4.835,1.98375004529953,1.9625002220273,
978,4.84,1.98375004529953,1.9625002220273,
979,4.845,1.95500004291534,1.9625002220273,
980,4.85,1.98375004529953,1.99375021830201,
981,4.855,1.98375004529953,1.93125022575259,
982,4.86,1.95500004291534,1.9625002220273,
983,4.865,1.98375004529953,1.9625002220273,
984,4.87,1.95500004291534,1.9625002220273,
985,4.875,2.01250004768372,1.9625002220273,
986,4.88,1.95500004291534,2.02500021457672,
987,4.885,1.98375004529953,1.99375021830201,
988,4.89,1.95500004291534,1.9625002220273,
989,4.895,1.98375004529953,1.99375021830201,
990,4.9,2.01250004768372,1.99375021830201,
991,4.905,1.98375004529953,1.99375021830201,
992,4.91,1.95500004291534,1.93125022575259,
993,4.915,1.98375004529953,1.9625002220273,
994,4.92,1.95500004291534,1.99375021830201,
995,4.925,2.01250004768372,1.99375021830201,
996,4.93,2.0412500500679,1.99375021830201,
997,4.935,1.98375004529953,2.02500021457672,
998,4.94,1.98375004529953,1.99375021830201,
999,4.945,2.01250004768372,2.02500021457672,
1000,4.95,2.01250004768372,2.02500021457672,
